,1935,1936,1937,1938,1939,1940,1941,1942,1943,1944,1945,1946,1947,1948,1949,1950,1951,1952,1953,1954,1955,1956,1957,1958,1959,1960,1961,1962,1963,1964,1965,1966,1967,1968,1969,1970,1971,1972,1973,1974,1975,1976,1977,1978,1979,1980,1981,1982,1983,1984,1985,1986,1987,1988,1989,1990,1991,1992,1993,1994,1995,1996,1997,1998,1999,2000,2001,2002,2003,2004,2005,2006,2007,2008,2009,2010,2011,2012,2013,2014,2015,2016,2017,2018,2019,2020,2021,2022
Alaska,0,0,0,0,0,0,0,0,0,0,0,0,0,0,0,0,0,0,0,0,0,0,0,0,171000,205000,208000,264000,266000,329000,362000,373384,411660,424780,525870,631436,715186,826405,912466,1163184,1425711,1593077,1769252,1921513,1980618,2251132,2460533,3374212,3949300,4436427,4909423,5025564,4954122,4526956,4338088,4450140,4611097,4739428,4979245,5316016,5475013,5815789,4848015,5146592,5430751,6173564,6271505,6844171,3502412,3520606,3685657,3836448,3954234,31009104,4341052,4497063,4651727,4891265,5054224,5511022,5842235,5914458,5974228,6088384,6329792,7870527,9540574,9287424
Alabama,290000,333000,320000,346000,380000,426000,540000,746000,894000,1089000,1374000,1299000,1341000,1343000,1297000,1375000,1488000,1569000,1617000,1692000,1828000,1884000,1949000,2137000,2222000,2350000,2440000,2659000,2854000,3156000,3586000,3936179,4310175,4762945,5013803,5681290,6556374,7737492,8922820,9767646,10772953,11872788,13579232,14737005,15785086,16859068,18719337,20426994,22252300,24660824,26116985,29288557,30815579,33606620,36181931,38903117,41190780,43845234,46907035,51345782,56322058,63220955,101184374,140861182,177727146,181456064,189687017,201363249,212615667,234972027,216238024,228248052,242934637,266206463,239706923,224105632,222605668,228410376,226851227,239844016,255870765,257705304,261309765,271722049,260446687,299905496,221856639,214944458
Arkansas,166000,201000,192000,199000,225000,247000,316000,434000,512000,662000,802000,825000,836000,852000,852000,905000,943000,995000,1018000,1066000,1132000,1152000,1164000,1271000,1364000,1416000,1556000,1705000,1872000,2057000,2240000,2429156,2639385,2898278,3091083,3468608,4091371,4793555,5635864,6241757,6894432,7586435,8552392,9266088,10256189,11090401,12313406,13618918,15051700,16389327,17198585,17950983,17758727,18549391,19492587,21501198,23550419,25031886,26050605,27086353,29157391,30721366,28734350,25127636,26725095,25676774,28164608,31875066,36186444,38802070,42323774,46462984,49028384,50154785,52731347,55431836,57412895,60268504,61051569,64756178,75317962,88060190,97636998,107524039,112764265,134045136,145332748,158175942
Arizona,70000,83000,91000,96000,99000,108000,121000,181000,238000,300000,382000,410000,430000,445000,440000,498000,568000,651000,682000,749000,818000,923000,985000,1125000,1271000,1404000,1599000,1751000,1929000,2194000,2338000,2516376,2843906,3231199,3486357,4027029,5197412,6171472,7001517,7028863,7542862,7538655,8730154,10175930,12152594,13354224,14702969,16656730,18997800,21474757,24553348,27592678,27677927,28200702,26427948,32651832,35570354,36264432,37103567,42942548,51393642,48052148,39330216,42261068,47665225,61829519,43794185,48365355,59954040,58624495,80451166,17962584,18496998,15654080,14519487,13573658,11961989,12184544,18268749,19594295,17919749,21096529,24388774,27312622,31210017,41951321,62131230,71026162
California,4007000,4383000,4352000,4501000,4711000,5182000,5742000,7200000,9333000,11384000,13861000,13754000,13911000,13993000,14133000,15129000,16310000,17698000,18191000,19547000,20753000,21548000,22757000,24859000,26061000,26888000,29845000,32344000,34860000,37730000,39847000,42648582,46693506,52092328,53156447,57988465,66851242,76317867,87300102,95867491,103198362,108705404,124788176,191881361,219233015,237970937,262382704,275445870,276101500,279210958,294245506,292705702,283002146,300563644,323612462,345361081,352796365,329679699,328493432,345411991,368224217,417223890,474811795,515969444,286742618,320006950,360840645,428718410,494709352,279986566,320278760,350267417,377169872,408004443,408311711,430592250,449683677,466044878,510562877,588419629,641645784,699554992,738505927,783132880,843934348,997569630,1207596000,1154371277
Colorado,320000,367000,348000,357000,379000,407000,454000,604000,762000,887000,1144000,1141000,1187000,1164000,1194000,1292000,1398000,1503000,1535000,1666000,1726000,1777000,1845000,2027000,2073000,2199000,2509000,2591000,2785000,2991000,3189000,3360060,3805970,4299349,4564145,4998516,5752568,6888340,7757429,8266499,8695878,9675139,11230873,13008713,14715186,16145282,18281257,20285958,22254300,24247861,25591593,25999271,25028684,25716349,26276718,26916638,28111282,29587814,34436459,35265338,37356790,41011927,33875292,36141821,41657789,46550534,49975311,47774125,32689413,36522841,40824092,43933775,47745891,49846689,47727501,45318623,41092470,42415220,42425032,45688526,48036966,54800592,60294745,62137353,57160356,70559554,80828713,90923565
Connecticut,515000,553000,551000,570000,632000,718000,816000,965000,1221000,1397000,1462000,1324000,1370000,1380000,1560000,1768000,1938000,2037000,2099000,2168000,2343000,2452000,2444000,2513000,2558000,2664000,2854000,3065000,3229000,3546000,3835000,4174160,4814021,5406766,5362324,5987021,6329136,7371708,7887617,8178535,8633264,8990751,10383303,11992218,12944890,13949611,14742836,15551358,19288100,22060898,26022407,33088086,35838149,39541878,40332439,36069948,33161207,32840101,32921789,34678982,33999014,10880649,4772047,6493642,3156292,3413690,3775611,3778237,6047908,23731334,26145531,22035805,24424463,24759327,25536520,25314164,26461939,27175165,25255774,27643035,68397033,72234493,77974728,82218542,95113954,102752290,107871379,80614042
District Of Columbia,336000,379000,369000,389000,411000,471000,548000,657000,762000,912000,1121000,1091000,1097000,1094000,1116000,1246000,1348000,1367000,1365000,1441000,1493000,1536000,1532000,1630000,1607000,1679000,1803000,1952000,2134000,2310000,2520000,2601386,2868887,3009345,3038290,3205704,3343088,3687138,4030563,4264804,4389083,4551476,5379190,7086581,7815938,8648332,9851866,10577145,12537400,13902983,15101193,17134558,18418652,19287763,20545547,18102985,14820312,13662273,13292443,8917135,9836826,3411282,1151668,1345910,648694,753961,430024,498704,607603,720854,927029,997997,1522477,1385112,1491293,1626131,1534198,1806899,1929239,2108889,2286367,1057395,1162334,1266621,1419738,1693659,2595083,2787122
Delaware,170000,205000,210000,209000,246000,277000,286000,341000,415000,444000,522000,515000,481000,483000,526000,589000,590000,559000,586000,618000,674000,689000,703000,720000,748000,820000,840000,918000,915000,986000,1100000,1091742,1196863,1304245,1367954,1463512,1672588,1997856,2239744,2332636,2430685,2770463,3075091,3410329,3484080,3685060,4402514,7759100,13249400,19064400,28045297,34617273,44599603,59214182,70815270,74320310,74449196,77497656,86780061,93092505,110854675,119005663,131571624,131525165,133335375,151686840,163224385,150872225,159334787,339796736,343653508,452692726,485131482,437185020,714266823,849493347,837184311,975708563,1012371836,919055551,987005388,1013425143,1059757420,1070205384,993520912,1149782426,1276711950,1261575050
Florida,301000,368000,362000,389000,452000,535000,610000,813000,1118000,1474000,1882000,1828000,1817000,1757000,1859000,2139000,2357000,2633000,2822000,3159000,3535000,3961000,4394000,4869000,5193000,5352000,5771000,6143000,6706000,7562000,8526000,9246639,10702523,12742781,13799377,15662216,18195692,22246618,26172399,27947911,28572415,30500016,33985993,37419342,42185430,48004524,51837974,59844536,69501400,77157674,87986637,103220886,110976500,120273817,133086622,137246494,138898824,147530178,150389278,164209783,150761834,160707812,116932310,81196896,86255325,58880555,62194011,72084152,79300761,89237568,97523960,113035503,112921133,116358616,114431745,102580915,95519414,118829409,124375934,133559893,144020687,150920759,156762621,162611308,159637990,199192749,223217591,239255506
Georgia,440000,482000,440000,491000,566000,629000,756000,1003000,1255000,1526000,1925000,1793000,1801000,1775000,1742000,1907000,2132000,2234000,2281000,2392000,2540000,2659000,2751000,2985000,3135000,3280000,3479000,3717000,4050000,4542000,5218000,5745953,6450574,7375536,8062614,8767363,10052223,12065800,14332605,15276926,15645687,15964523,17970002,20792662,22007377,23266072,25598005,30363487,34550700,39960874,46952434,51227677,53343022,59131170,65175055,70290402,70991836,77613328,90089980,99535026,132672445,147074679,69243703,76667557,86243752,168190183,175533061,184921125,205406002,216155218,265501360,276268291,279655431,293283028,263730436,261860853,261726482,259543000,261907517,279693424,286187841,302742864,308296462,319194284,145515629,168339879,148088948,149304317
Hawaii,0,0,0,0,0,0,0,0,0,0,0,0,0,0,0,0,0,0,0,0,0,0,0,0,705000,785000,850000,887000,898000,1023000,1137000,1174956,1306872,1509829,1682142,1886511,2125060,2358399,2656771,2816380,2928192,3244624,3491973,4190322,4870687,5381153,6178047,6701778,7686100,8820285,9960895,11243055,12471948,13889920,16788983,19413825,20764865,22437159,22260681,22389898,21722800,22066133,22891012,24150055,23567542,24392628,23417358,23319130,24392544,26194089,28153547,29365326,30078289,30384627,32401492,33656006,35163402,36103313,37287946,39141702,41201062,42823512,44602239,44990105,45675189,51396742,56623453,57019695
Iowa,553000,642000,623000,656000,711000,779000,900000,1174000,1452000,1786000,2140000,2239000,2413000,2297000,2288000,2433000,2478000,2585000,2755000,2835000,2826000,2884000,3030000,3352000,3283000,3385000,3645000,3891000,4073000,4493000,4927000,5201190,5757624,6355999,6859682,7388948,8192570,9492424,10894319,12015114,13265002,14606004,16094464,17857958,19697408,21743647,23789387,25487770,26923700,27962537,29059855,30106100,30250102,30854367,32181262,34566512,36341191,37357165,38717248,39750130,42018332,42514493,43307033,46593772,44896888,44588080,47386995,49806443,49922073,45968563,48262064,50578598,52695805,56207451,58439758,59296930,63017973,67559197,68550515,71191512,73493740,77293404,80768708,83494430,87522209,100578191,108230773,112078065
Idaho,82000,97000,100000,100000,107000,117000,134000,196000,264000,343000,420000,444000,455000,450000,443000,460000,495000,534000,543000,569000,578000,593000,614000,686000,695000,708000,746000,788000,831000,906000,984000,1037825,1154493,1258641,1364520,1511918,1718852,2083634,2414591,2746445,3002644,3302747,3776880,4296491,4609205,5106264,5477396,5883914,6437900,6823220,7207803,7063466,7169917,7462684,8280361,8583301,9760034,10062053,10941529,12222838,12975249,6657267,1427299,1809809,2114185,2507269,2840479,3302275,3691046,4233686,5086608,5354258,5997409,6448123,6379757,6252672,7368960,6146740,6076010,4446492,4635672,4961540,5559342,5961563,5708568,7798725,8772715,9247777
Illinois,3933000,4430000,4296000,4720000,5189000,5736000,6353000,7845000,9040000,10971000,12534000,11606000,12550000,12547000,13221000,13879000,14651000,15461000,15829000,16296000,16749000,17191000,17341000,18342000,18462000,19302000,21023000,22501000,23642000,26229000,28466000,30116623,33198543,36722511,37253439,41295980,45842776,54065281,63111206,70859405,73708407,78647460,87224761,117184652,132790311,141156629,156570987,158088476,163946000,159010226,163380526,173066328,178873951,184690501,192366813,196886184,199139893,200874999,211980180,224764460,238710753,247068657,265401070,297307328,328726971,355509976,435928432,486431766,538581942,300818918,334961714,338792776,351043919,332563066,297158069,294850707,370165909,369963758,371118032,389336322,411929208,436032256,466986637,486071350,499056729,592194376,642167684,607916549
Indiana,759000,890000,910000,946000,1034000,1119000,1288000,1658000,2074000,2548000,2989000,2980000,3161000,3175000,3248000,3477000,3709000,3956000,4175000,4307000,4465000,4622000,4660000,4900000,5026000,5253000,5589000,5808000,6006000,6914000,7765000,8427145,9299610,10657158,11534921,12514422,13905987,15654772,18119106,19754060,21161886,23084814,25555882,28220552,30510757,32724529,34513533,36529039,39818000,42538312,45777447,48925965,49966273,54226060,56311859,58254358,59162369,59808020,61740201,64606465,68807901,66536940,66523387,73366934,65039580,84621807,113666056,114124275,102323515,87186627,85823229,60133435,60230152,58668140,56492093,55138567,55635156,59974813,62314900,67541681,72955194,79818434,89018578,92301792,102159383,118494589,131188260,161495748
Kansas,373000,405000,388000,385000,408000,433000,524000,759000,983000,1209000,1465000,1435000,1512000,1559000,1547000,1633000,1792000,1905000,1935000,2057000,2063000,2198000,2236000,2434000,2503000,2658000,2871000,3068000,3213000,3493000,3740000,4053855,4486900,4888560,5229366,5692539,6504232,7391136,8519989,9225058,10134876,11126867,12476411,13567154,15289420,16597576,18162026,19619042,21045200,22624000,23808660,24564339,24700585,25528931,26705623,29541051,29750483,30141558,30317578,30662439,31427952,28607049,31317054,34013443,34761835,37881466,36502912,39212015,40982219,45340167,48236066,47037559,50563930,50745402,50213178,50166129,49885090,51263199,51413234,54126421,54729763,56875870,58275637,60195144,65123421,75022392,80022196,81203844
Kentucky,472000,528000,510000,521000,552000,592000,708000,908000,1086000,1341000,1654000,1579000,1677000,1699000,1643000,1727000,1916000,1989000,2004000,2119000,2173000,2271000,2339000,2451000,2521000,2545000,2884000,3046000,3141000,3525000,3796000,4050124,4644806,5126318,5492083,6118337,6913667,7977190,9110770,10699520,11363374,12290513,14104336,16045470,17877257,19440035,22060416,23576427,25633800,27744306,30085487,33190198,34897321,37281243,39591146,41426244,42537728,43807067,45544579,49033985,49638478,52685388,50997905,52308922,51438323,52511099,55736215,52067604,44445808,48710635,50047851,42958788,45499516,48166909,50661672,51671493,52621024,52892577,53472753,55201880,54490061,56617025,58054833,57893088,59404084,68061689,72871156,72690721
Louisiana,421000,510000,520000,558000,606000,636000,722000,957000,1126000,1391000,1705000,1631000,1736000,1800000,1842000,1949000,2150000,2239000,2388000,2573000,2767000,2991000,3002000,3049000,3198000,3254000,3458000,3624000,3834000,4331000,4772000,5327655,5853371,6363824,6645832,7419077,8767470,10254525,11646714,13239429,14101279,15369442,17214264,19156370,21810824,24944905,26401759,30894211,33020700,35260496,36796292,37083639,35583776,35771090,36797648,37369156,37504713,39271044,40063475,42175469,45243939,46965725,46726108,48962513,50781440,51650967,42804604,45115866,48943663,54921469,67434358,71173035,44157985,48917938,54451521,56432464,62299467,64560724,66204947,58036265,65666672,68786852,72095564,75965388,77633936,56080821,62558226,66697466
Massachusetts,2007000,2123000,2025000,2107000,2294000,2573000,2664000,3283000,3820000,4429000,4909000,4324000,4374000,4277000,4446000,4715000,4962000,5006000,4973000,5150000,5402000,5449000,5506000,5804000,5877000,6227000,6649000,6906000,6957000,7631000,8372000,9030494,10466277,11842297,12308645,13665730,14318339,15907743,17380000,18267200,18331480,18789098,20703948,27916446,32078938,36205462,39908343,44687527,51494000,58076156,69105159,87150478,97618283,113636526,112844227,97878210,91980617,94457394,97715137,109148786,117886839,153974864,123436666,137540255,169672161,111333510,116973340,131666623,141236622,162220620,168484894,178581386,169170644,194957919,178707108,181238088,241950339,251570288,273619467,313012738,288017558,290158747,289058651,298514661,309533436,389855800,394672068,400586365
Maryland,569000,637000,594000,641000,727000,809000,902000,1052000,1307000,1594000,1736000,1584000,1604000,1554000,1617000,1704000,1843000,1950000,1961000,2057000,2132000,2247000,2267000,2380000,2406000,2584000,2782000,2960000,3223000,3568000,3868000,4150258,4599859,5054198,5335452,5907437,6816177,7787563,8804511,9485396,10226839,11204340,12478108,14041272,15489968,16546007,18056510,20178836,22539900,27981856,33316713,38716597,44887826,48560471,53132808,57011657,54727255,53083447,51992570,87316840,68880982,38913273,35195658,44547321,45384359,46665691,49154559,50032746,33958075,37125936,41086622,44148052,29725994,28132671,23645733,23240675,24839992,25994600,25875506,27631381,29729451,32789833,35580702,41138275,37963643,44441081,51749825,53666416
Maine,204000,217000,213000,211000,220000,230000,245000,295000,351000,418000,488000,470000,453000,451000,442000,453000,490000,527000,530000,547000,580000,596000,615000,657000,675000,710000,756000,794000,808000,872000,929000,1035387,1120611,1243040,1287735,1437110,1583038,1785347,1985629,2115496,2261379,2451315,2730879,3008695,3221582,3465087,3675956,3890203,4205700,4588011,5194297,6103271,6808843,7754046,8206525,8174369,8827539,8780548,8698843,9505652,9035562,9023950,4921273,5001325,5118289,7733771,8491583,27753986,31242718,33793321,37735077,46130474,70140001,27623413,15990920,17274025,19617077,21676197,6925248,7315942,8565734,9234855,11438960,11996766,12372817,13095526,14083845,16064703
Michigan,1289000,1513000,1541000,1541000,1717000,2027000,2223000,3083000,3872000,4557000,5022000,4826000,5102000,5150000,5437000,6035000,6249000,6874000,7329000,7748000,8394000,8544000,8608000,8940000,9197000,9716000,10259000,11490000,12358000,13915000,15457000,16977201,19107945,21189549,22444045,24206512,26317481,28817540,31333508,32829237,34261871,36914335,41776494,48152432,50201468,53387546,56504414,58949362,63957500,67768517,72811761,78887040,82035067,85071194,91186385,93822147,98798365,100288014,105956221,116582397,118902867,112181734,118829212,117212631,123779951,138988808,163831853,153143345,180809980,176066130,191174408,209933292,143817489,108048931,50966116,49585777,48877126,49632607,41471208,46194077,48768821,52727825,57362721,61257677,41955448,52157199,58216688,57437057
Minnesota,899000,977000,944000,975000,1053000,1128000,1228000,1669000,1981000,2420000,2920000,2835000,3033000,2998000,3002000,3140000,3244000,3467000,3593000,3751000,3773000,3946000,4093000,4432000,4464000,4621000,4960000,5338000,5600000,6189000,6742000,7154648,8134796,9478712,9659197,10478119,12126657,13441326,15488086,16854544,17628146,19619451,21741659,24984889,28411377,31789681,34572130,38820513,44394700,48874943,51942388,56810864,56016254,52220656,51304399,55519114,54907107,59838478,62291538,61785080,70200849,72124155,131876696,147791477,157436050,187086435,107333076,107866972,105089591,60027900,62753161,76029025,99517643,72265116,56425829,55657058,56523783,59004888,59538076,65407074,67644473,68595630,68739202,68555745,71139305,85403809,92483688,93354290
Missouri,1429000,1585000,1518000,1607000,1762000,1862000,2112000,2653000,3067000,3687000,4418000,4198000,4424000,4406000,4471000,4872000,5167000,5382000,5503000,5686000,5837000,6052000,6080000,6475000,6548000,6785000,7186000,7595000,7980000,8874000,9393000,10054048,11168032,12298736,12537173,13338695,14820165,16503150,18238666,19902957,21033694,23132310,26049128,29211061,32485386,34873898,38548331,41482574,43281400,45941735,49046751,53145512,53249887,54819832,58333215,64684638,65356378,67687622,68543873,73050592,80480860,88300676,63417800,79579079,80376745,64510575,71321840,74775062,81542804,86193779,92066957,99412735,106052923,116219444,122530492,113105257,119582358,125234404,128947993,133637353,143999816,150327467,155597790,163623438,171424684,202116923,235015127,232040218
Mississippi,177000,224000,213000,216000,232000,241000,296000,414000,511000,653000,816000,785000,835000,855000,807000,865000,931000,967000,1014000,1033000,1089000,1120000,1165000,1327000,1436000,1472000,1565000,1694000,1854000,2052000,2264000,2465332,2717652,3003795,3222695,3559055,4054697,4791818,5558565,5851540,6449398,7259947,8341357,9440166,10579931,11467350,12770674,13694683,14675300,15689147,17065073,17880195,18262799,19130733,20091749,21410868,22140147,23092903,24419172,25410693,27084166,28521898,34362582,26897183,29514742,34023468,35443171,37243990,39059409,41082293,46972661,49822437,53605650,56325487,57778537,58683484,56769690,59594925,62092075,77533519,83502663,88378771,94220116,102196981,110535209,127095702,161013777,165210108
Montana,148000,154000,152000,155000,166000,178000,201000,279000,338000,425000,521000,554000,585000,604000,614000,611000,647000,690000,701000,727000,747000,778000,809000,874000,874000,906000,945000,1018000,1082000,1142000,1232000,1311842,1425432,1555139,1661805,1847696,2097324,2421609,2711935,2968265,3319545,3569264,4005766,4457006,4889735,5317193,5732066,6207417,6881000,7138867,7186194,7251185,7276825,7074567,7045578,7330887,7548286,7721777,7930540,7846512,8193619,8670403,9029184,9881934,10137806,10944759,13944996,13780728,13254417,14368508,15630552,16748270,17269521,18739820,20780728,21672583,21942497,26078386,26361203,28380892,29602562,30260215,34305323,37258662,41002903,51350374,63415053,77129222
North Carolina,409000,463000,457000,486000,556000,610000,766000,1026000,1198000,1607000,1891000,1936000,1969000,1929000,1889000,2031000,2263000,2379000,2406000,2523000,2661000,2727000,2710000,2993000,3090000,3299000,3606000,3843000,4028000,4601000,5041000,5600034,6367959,7201050,7537271,8407117,9813055,11813959,13929701,14217727,15162609,15867202,17323545,20555591,23525687,25554563,29131746,32452218,36658500,41125571,48669488,57828407,62597049,66264299,75549059,80244711,79608864,88369496,103972788,117563539,180504087,191424445,433190038,665755758,936934891,981789707,956109000,1000784032,1095395666,1295542856,1700525360,1905752176,2176257295,2340434538,2219462679,1719427008,1714023674,1710267909,1670115652,1819753551,1916881368,1977000204,2030443185,2065810282,2383515137,2846408574,3149431519,3119524117
North Dakota,83000,81000,79000,77000,86000,95000,124000,192000,257000,334000,428000,468000,526000,526000,496000,492000,520000,530000,529000,542000,537000,577000,629000,699000,708000,715000,740000,842000,904000,965000,1044000,1123565,1232283,1378090,1465473,1581190,1782379,1976865,2273540,2527758,2924708,3135917,3476355,3857935,4230149,4627908,5225111,5783955,6355700,6624649,6854969,6931873,6990541,6904558,7011830,7550920,7688710,7898637,8120794,8313593,8034439,8544440,8938048,10833790,11577911,17603356,18699094,18558482,19780067,14381189,15630198,17251807,19137543,20599677,21850491,23174009,25463718,27899711,23066755,22447841,23628972,24816476,26148359,29107052,31916103,39012290,43439859,48458834
Nebraska,335000,362000,337000,337000,365000,391000,431000,665000,857000,1010000,1310000,1287000,1347000,1326000,1305000,1422000,1506000,1588000,1626000,1636000,1603000,1604000,1570000,1785000,1750000,1834000,1955000,2100000,2257000,2436000,2564000,2760119,3113712,3439938,3748325,4045434,4696814,5324208,6250774,6734533,7192546,7701682,8567895,9550346,10501266,10501765,12899108,13965090,14651200,15599544,16196690,16646755,16804283,17470307,18556848,20182067,21405175,22730255,24133335,24339888,26687927,27763637,25855130,27968421,28533699,30099804,30881799,31969699,30205812,30547322,32445972,34984767,37144572,40438142,41005674,48068471,50885939,55411560,57251709,61312346,64791658,67389604,65011236,68443688,73253574,82856500,91697332,97541353
New Hampshire,85000,94000,92000,96000,101000,106000,118000,137000,171000,205000,239000,232000,234000,231000,229000,251000,268000,275000,294000,303000,330000,345000,359000,392000,443000,462000,499000,533000,566000,599000,658000,732562,818464,913371,963649,1195369,1340038,1475300,1629143,1708712,1885739,2110409,2433862,2711194,3023158,3297954,3616092,3985617,4760600,5440059,6516539,7923448,9120625,10457209,10418994,10032160,8464940,7280517,7366496,7568485,10060707,10723601,11686947,16190828,22046163,22352050,25050364,17885398,17047840,17539881,4186748,3855569,3853157,2294113,2568428,2784423,2864026,2681265,2922581,2147034,2278097,2506519,2694520,2574314,2187852,2833301,3302281,3388832
New Jersey,1824000,1961000,1912000,1900000,2037000,2202000,2386000,2773000,3337000,4124000,4846000,4649000,4714000,4747000,4888000,5218000,5472000,5682000,5848000,6047000,6325000,6636000,6835000,7236000,7606000,7977000,8573000,9205000,9539000,10502000,11204000,11891339,13244927,14760523,15496599,16975878,19230518,21548421,23092117,24016722,25110294,26807588,29503816,32197257,34307341,36125620,38232839,42228333,47003000,52331863,59599470,70201886,75694846,84717301,93375644,94183178,95461756,99401515,100111871,87555048,104284897,70030991,79904173,96870897,107881164,100822673,74057341,84559298,94267045,104545836,86843568,60096813,58470653,55641052,62324992,63445727,73622010,60149457,52489376,58811133,64048816,67669865,73156054,89049279,120415468,135694477,143499751,133568568
New Mexico,48000,58000,62000,66000,71000,75000,88000,133000,169000,210000,279000,282000,300000,322000,342000,383000,427000,470000,491000,519000,559000,610000,637000,714000,750000,776000,837000,879000,980000,1004000,1047000,1107006,1218144,1343818,1455423,1708316,2071373,2489397,2827414,3035480,3383914,3698846,4303259,4904741,5422351,6107253,6800554,7766268,8432200,8940158,9374658,9867021,9760594,10167690,10726030,11061413,12141051,12420261,12789960,14172045,14773635,15416462,11307123,15271890,15953975,15363516,15107515,16468522,17898530,12869848,13590122,14732900,16551684,17238774,17540908,17285581,13701494,14402898,15381486,16185269,13425531,13655277,12088134,12219965,11379375,13607929,15586037,16371781
Nevada,28000,33000,37000,38000,45000,51000,57000,83000,105000,127000,164000,172000,176000,174000,177000,191000,216000,240000,263000,299000,313000,332000,357000,402000,445000,482000,540000,627000,681000,725000,777000,813489,956754,1057060,1125192,1286478,1524749,1740717,1958718,1980991,2120304,2372489,2718936,3286806,3631507,3761251,4055412,4584294,4999400,5513759,7567730,9140503,10052596,13332819,17031792,14388178,15059225,14396539,17998426,23355538,26334174,32416415,25811740,27577075,32136921,37718125,34327283,39164263,57930580,54419548,59415442,1069111247,1280702953,1255564690,1194986487,1190610156,37139895,38792641,22182601,20794168,17742587,19676400,20690428,21176392,27344448,37163131,35693222,57678147
New York,15486000,16621000,15554000,16574000,19362000,22803000,23197000,27991000,30054000,34671000,39289000,33579000,34260000,33301000,33871000,36164000,38015000,39054000,38997000,41183000,42634000,43225000,44414000,47681000,47285000,51741000,56684000,59749000,61348000,69088000,75973000,81633712,92922543,101639146,107515826,111236246,116303208,134451999,148030635,169356132,162337316,170495528,194203212,359118531,410911371,461595529,482709088,520011426,534058200,571338598,619632737,666777326,667739970,665892658,677278328,682199287,694827739,700055346,770459166,875062357,922833972,1032229645,1119205261,1145017762,1170267501,1304240281,1351482390,1488691160,1595462417,1010074345,1067455960,394090513,338988940,590640470,484339747,524302195,653733790,720997777,749379213,791505117,880154732,833688446,901389329,932881301,1016289821,1240909126,1481556638,1646394706
Ohio,2183000,2497000,2486000,2549000,2794000,3074000,3482000,4235000,5413000,6541000,7592000,7167000,7400000,7584000,7752000,8391000,8951000,9462000,9884000,10061000,10610000,11023000,11217000,11581000,12145000,12525000,13232000,14187000,14690000,15968000,17506000,18794141,20809895,22570018,23733229,25179994,27339707,31051473,33785616,36186653,37411264,40070154,43277500,49271455,52887998,56268407,59558212,63380522,67208800,72335873,81763276,88738862,94091672,102434152,110030698,113771972,119732683,124661889,132914842,146749960,157797076,172672636,230594711,267360336,309240501,363180117,471089523,553885733,595575919,1525683933,1583424202,1821269106,1953856149,2432916334,2215926735,2244889544,2457902396,2567268246,2655462512,2844644678,2713486729,2953239669,3037172162,3141059134,3320718201,4158435347,4539774779,4469134658
Oklahoma,432000,472000,488000,502000,518000,527000,610000,780000,983000,1254000,1547000,1495000,1628000,1707000,1766000,1861000,2018000,2154000,2215000,2317000,2433000,2511000,2591000,2794000,2847000,2998000,3225000,3348000,3519000,3897000,4265000,4577890,5085581,5412455,5583425,6464781,7330030,8552852,9627339,10734058,11726630,13290285,15101554,16989066,19711282,22837414,27768178,29636063,30671900,32168552,31966137,29279623,27036261,26114591,26277732,26863346,28252023,30431902,30974924,33079951,34532646,36134275,34071184,35636865,39628406,43215155,46059187,47321037,47333846,46513130,51552412,55697243,59366896,64534365,65462093,68185647,78353784,84282806,83011976,85696361,90068860,95606726,100046242,101982598,114164691,129847611,141323773,144456871
Oregon,264000,306000,306000,315000,342000,382000,468000,699000,940000,1166000,1467000,1403000,1450000,1406000,1357000,1510000,1594000,1731000,1754000,1883000,1979000,1982000,1945000,2140000,2193000,2226000,2384000,2562000,2716000,2958000,3251000,3429893,3729907,4256325,4333151,4573619,5122141,5966228,6581979,6890955,7688652,8300191,9714741,11185703,12338646,12957109,13960763,14214830,15612300,16613550,17683826,18909391,18617055,19493598,22131543,22949749,25741158,25823387,27387495,28891775,30437630,22244140,5778250,6293625,7154853,17256730,17385051,17927872,19338921,22995445,25342440,34843750,37048167,34636047,39901948,37459876,34031676,33800537,18848876,31057896,32026108,35002545,30377281,31326046,33621621,35646356,38166316,39357291
Pennsylvania,5020000,5549000,5253000,5385000,5911000,6283000,6671000,7354000,8370000,9705000,11156000,10535000,10937000,10896000,11125000,11947000,12478000,12851000,13050000,13531000,13918000,14411000,14615000,15255000,15460000,16180000,17076000,18109000,19244000,21015000,22640000,24250715,26970756,29797823,31135788,33844309,37335248,43186776,48843881,53534731,55036304,58817221,64865870,78473455,84910397,89470656,97613477,105811974,113332800,122882017,134106615,143212995,147992716,160400128,167760524,172426706,171852828,182884581,190389020,185402117,188412274,243682788,267581326,198351600,195327838,189582472,176180065,177614195,179063365,200018838,241452048,247169714,307516076,257113711,127948947,127700134,128587385,136990517,143029202,156315718,148388043,149182833,165085736,179895099,199122575,235016191,251074019,253173468
Rhode Island,262000,281000,272000,275000,298000,324000,357000,450000,507000,627000,698000,694000,685000,688000,688000,736000,841000,856000,842000,855000,900000,888000,882000,915000,951000,988000,1050000,1089000,1151000,1269000,1398000,1434657,1643965,1759275,1709478,1839664,2050003,2502366,2831495,3657331,3816939,4228764,4733125,5507419,6245267,6969260,8003297,8415907,9523900,7916528,10155191,12199768,13210175,14436037,16585115,14673120,14411956,13323525,13526866,15733137,16968435,6450955,77287156,90522509,102990707,182090364,205511433,198512749,214056008,243539119,27140953,26923920,168716466,169778903,145175930,132668350,129524017,130153271,99848054,108627574,114080419,123612673,128928068,136966226,173762169,192404207,197170927,236270344
South Carolina,138000,161000,152000,153000,173000,199000,233000,329000,405000,524000,647000,686000,701000,699000,689000,711000,840000,891000,900000,904000,921000,938000,959000,1038000,1108000,1148000,1245000,1331000,1388000,1504000,1658000,1796864,1987122,2250057,2436642,2772360,3214481,3699837,4332072,4584435,4831308,5107695,5779497,6281452,6965302,7635141,8695401,10267079,11520100,13047505,14722685,17048718,17929480,20197558,23734280,25217250,25566653,26190436,27691309,31181766,24589341,26352663,17476421,18974170,20760327,23620207,26837928,29232565,33758822,37389626,41072833,37385186,45749244,48280899,48565847,30925936,31678694,36141827,35251117,35353632,26128993,26539396,34445204,35783831,38441637,21679302,47370677,52372282
South Dakota,97000,104000,95000,99000,112000,120000,141000,207000,256000,305000,415000,477000,552000,542000,527000,537000,567000,593000,606000,637000,638000,640000,684000,788000,790000,822000,884000,962000,1021000,1083000,1163000,1231306,1336232,1457486,1591520,1739140,1961415,2229268,2615206,2894750,3243275,3558907,3822005,4215495,4674511,5084075,7992948,8782850,10433900,13273184,16072617,18201999,20530534,22322849,20105570,19108605,17451584,16404273,19184719,24353719,28614678,29333345,30324459,29719486,32014673,37237811,51077907,73138044,84191270,441130586,469817737,497500711,570047124,651472694,744276685,1286310835,2493021260,2623438259,2773770514,2936259241,2960770356,3128961289,3187428361,3153828413,3250052845,3510921574,3501174161,3523192242
Tennessee,491000,569000,556000,591000,644000,718000,893000,1168000,1372000,1699000,2046000,1989000,2059000,2061000,2077000,2205000,2361000,2479000,2621000,2768000,2856000,2975000,3054000,3328000,3523000,3656000,3971000,4253000,4644000,5211000,5623000,6031442,6610395,7215418,7592010,8577940,10015931,12016392,13824122,14552757,15317939,16421590,18126654,20041582,22056184,23803470,26102961,28291691,30188000,32741131,35961670,38921570,41160083,43609353,45697161,47403486,49090971,52849396,57027936,60923698,66595805,75929882,75067593,102551723,90420619,86862987,100110876,110005749,112920984,127741903,77464809,83481877,88806942,92845450,83283831,81106700,79408473,82318945,81321885,86056396,91485147,99123155,126812788,132256103,138739880,198175674,213434958,208384656
Texas,1318000,1494000,1525000,1603000,1773000,1925000,2252000,3081000,3815000,4822000,6096000,5832000,6407000,6637000,7010000,7862000,8491000,9098000,9536000,10249000,10697000,11198000,11309000,12534000,12808000,13502000,14746000,15705000,16688000,18499000,19903000,20979776,23314652,26491152,27552118,30706959,35117176,40859223,46486945,50295281,56422781,63381265,71760004,88907214,102839924,118879453,143225222,163423845,181908100,197881686,209028452,207668912,189565625,170977549,174056338,170822119,168879717,175486441,183952989,188087947,202718074,205183925,235098405,179694197,181144214,166351766,144677067,157396027,136451476,151466940,173165122,181855430,261543682,273427822,316443913,312079484,330016795,362159618,355022593,363521629,364324009,376992042,392708386,399878034,427334428,512358656,569076166,566309855
Utah,154000,164000,168000,178000,184000,199000,228000,337000,407000,480000,585000,584000,593000,599000,602000,632000,699000,745000,777000,845000,881000,910000,914000,988000,1031000,1097000,1158000,1253000,1319000,1409000,1561000,1635533,1721002,1881542,1881235,2095975,2413226,2833039,3144957,3383584,3888740,4293731,5006183,5848038,6333578,6744147,7552640,8230102,8912000,9865937,10232397,11194692,11063051,11168008,12153772,13799158,13850646,14343888,15392334,17143411,19912589,35969456,39601291,45216790,59231313,102924038,131249977,136547131,149339181,151651656,161744906,220908941,282551238,298734514,270861807,287600492,314627128,357544960,386144632,431374061,477547890,481054360,519716675,634758153,660128761,753341633,813928977,878379927
Virginia,584000,654000,635000,674000,726000,795000,943000,1178000,1361000,1699000,1972000,1916000,1947000,1946000,2022000,2189000,2396000,2578000,2608000,2798000,2904000,3078000,3195000,3420000,3526000,3643000,3955000,4256000,4567000,5114000,5635000,5983804,6844651,7674366,8260698,9180957,10495901,12326640,14471117,15396006,15940033,16994111,18882049,20936275,22359331,24194370,26737682,30212442,33901500,37933880,43704786,51263930,56171068,61552344,67696646,69599399,68501915,71267976,74375222,75734307,77780726,89892528,77805144,75000910,80683100,59616987,69893234,84155883,107562248,137330941,168761271,168915617,181336232,391405618,392683793,443046171,474376771,585409888,567467954,594354993,632930875,675045870,678548515,686657673,722789832,785999278,815117012,743306717
Vermont,127000,132000,132000,133000,137000,142000,146000,160000,182000,214000,261000,267000,271000,270000,273000,285000,304000,313000,316000,325000,342000,359000,369000,421000,435000,450000,473000,508000,535000,571000,629000,665486,733340,822910,871312,970450,1095587,1246004,1331706,1374666,1506229,1637867,1844027,2038909,2212491,2401193,2523010,2869705,3247300,3627577,4000670,4651568,4934490,5445313,5834398,6051163,6027443,5578458,5831420,5853789,5967678,6221029,7112669,7602007,7600266,7592481,7906262,6069049,6231759,6569956,6922441,7031901,6653614,3514858,3727487,3845578,4108196,4305647,4177169,3995425,4342075,4540290,2581929,2721406,2839438,3600221,4007662,4208294
Washington,424000,488000,483000,492000,546000,638000,766000,1131000,1528000,1945000,2252000,2063000,2083000,2003000,2000000,2118000,2220000,2339000,2359000,2499000,2598000,2673000,2689000,2868000,2963000,3007000,3241000,3475000,3578000,3876000,4218000,4670633,5259829,5759395,5973027,6800824,7305233,8294272,9645719,10943085,11763003,12993499,15054230,18930368,21349876,23638016,25710710,26333958,26260300,29024787,31445106,33115606,33078239,33582040,38553538,39742208,39638644,40826252,41435949,44847283,49088588,44645578,11646803,12683519,13304699,19400311,21858096,24502320,26317965,26322034,38165372,44797299,52326380,55566720,51238225,42646786,40295840,41279593,59717461,52496481,54547326,63340796,69309673,72321113,75643874,90818163,106076266,107644155
Wisconsin,841000,957000,953000,987000,1059000,1142000,1261000,1559000,2014000,2494000,2986000,2985000,3084000,3123000,3143000,3304000,3485000,3711000,3791000,3926000,3987000,4164000,4307000,4705000,4832000,5051000,5420000,5636000,5996000,6545000,7011000,7639525,8535889,9337877,9879527,10903547,12198094,13847395,15110466,16236899,17377079,19022003,21448935,23880062,25827944,26800718,28414892,30449781,33073100,35863721,37687271,40842463,40518744,42482550,44800452,47507487,49041787,52104690,54241279,57817318,61381126,65690159,72479238,81705972,74226842,78813004,82424878,81115587,88449200,95027942,108135539,120760895,131202532,136816257,132201429,128727481,79016687,81710232,82450895,86834732,90364971,93746804,97963823,104340674,106479204,118961927,129741601,135626583
West Virginia,288000,323000,326000,322000,342000,365000,411000,484000,591000,784000,943000,915000,972000,1021000,976000,1027000,1104000,1124000,1157000,1160000,1200000,1263000,1318000,1355000,1402000,1438000,1513000,1582000,1687000,1849000,2026000,2188611,2421353,2626221,2876012,3353665,3820237,4467627,5171362,6020281,6503193,7252811,8129471,8617368,9484209,10315223,11253160,11950661,12603700,13351624,13935228,14866131,15242125,16091574,16660929,17444873,18564097,19361910,19880100,20238748,21357607,22267293,21597843,23540199,23084594,17455197,18115533,19246335,17802260,18980939,20119822,20331767,22111775,24170590,24482937,24492063,25580704,26614150,27579397,28579475,31401070,34110468,28602411,31472825,35452200,38964574,40604062,41458376
Wyoming,65000,72000,72000,73000,79000,87000,96000,121000,146000,179000,222000,241000,254000,272000,272000,289000,325000,334000,341000,357000,359000,373000,394000,433000,442000,462000,499000,518000,560000,598000,617000,657972,706806,784035,827460,910894,1043452,1234716,1428546,1620113,1856884,2099297,2425007,2711701,3082501,3449800,3789169,4107922,4297900,4534251,4543743,4380569,4204883,4202408,4352093,4649474,4825006,5037085,5154314,6623939,8348616,8183586,8309810,10146147,7491035,7489522,7034039,7072786,5182509,5295608,5770493,6612710,7335867,6189065,6609832,6981825,7391220,6688977,6426690,6893232,7290930,7665135,7817304,8250587,8729633,10364324,11220263,9161304
